{
    "model1":[
       {
        "name":1,
        "score":2,
        "score2":3,
        "class1":1,
        "class2":"a",
        "class3":"woman",
        "class4":"china"
       },
       {
        "name":2,
        "score":3,
        "score2":2,
        "class1":2,
        "class2":"b",
        "class3":"man",
        "class4":"japn"
       },
       {
        "name":3,
        "score":4,
        "score2":1,
        "class1":2,
        "class2":"a",
        "class3":"man",
        "class4":"china"
       }, {
        "name":4,
        "score":5,
        "score2":0,
        "class1":1,
        "class2":"b",
        "class3":"woman",
        "class4":"japen"
       }
    ],
    "model2":[
        {
         "name":1,
         "score":2,
         "score2":3,
         "class1":1,
         "class2":"a",
         "class3":"woman",
         "class4":"china"
        },
        {
         "name":2,
         "score":3,
         "score2":2,
         "class1":2,
         "class2":"b",
         "class3":"man",
         "class4":"japn"
        },
        {
         "name":3,
         "score":4,
         "score2":1,
         "class1":2,
         "class2":"a",
         "class3":"man",
         "class4":"china"
        }, {
         "name":4,
         "score":5,
         "score2":0,
         "class1":1,
         "class2":"b",
         "class3":"woman",
         "class4":"japen"
        }
        
     ],
     "model3":[
        {
         "name":1,
         "score":2,
         "score2":3,
         "class1":1,
         "class2":"a",
         "class3":"woman",
         "class4":"china"
        },
        {
         "name":2,
         "score":3,
         "score2":2,
         "class1":2,
         "class2":"b",
         "class3":"man",
         "class4":"japn"
        },
        {
         "name":3,
         "score":4,
         "score2":1,
         "class1":2,
         "class2":"a",
         "class3":"man",
         "class4":"china"
        }, {
         "name":4,
         "score":5,
         "score2":0,
         "class1":1,
         "class2":"b",
         "class3":"woman",
         "class4":"japen"
        }
        
     ]
}

