[
    {
        "score":2,
        "score2":3,
        "name1":1,
        "name2":2,
        "name3":3,
        "model": {
            "class1":1,
            "class2":"a",
            "class3":"woman",
            "class4":"china"
        },
        "model2": {
            "class1":2,
            "class2":"a",
            "class3":"woman",
            "class4":"china"
        },
        "model3": {
            "class1":3,
            "class2":"a",
            "class3":"woman",
            "class4":"china"
        }
    },
    {
        "score":2,
        "score2":3,
        "name1":1,
        "name2":2,
        "name3":3,
        "model": {
            "class1":1,
            "class2":"a",
            "class3":"woman",
            "class4":"china"
        },
        "model2": {
            "class1":2,
            "class2":"a",
            "class3":"woman",
            "class4":"china"
        },
        "model3": {
            "class1":3,
            "class2":"a",
            "class3":"woman",
            "class4":"china"
        }
    },
    {
        "score":2,
        "score2":3,
        "name1":1,
        "name2":2,
        "name3":3,
        "model": {
            "class1":1,
            "class2":"a",
            "class3":"woman",
            "class4":"china"
        },
        "model2": {
            "class1":2,
            "class2":"a",
            "class3":"woman",
            "class4":"china"
        },
        "model3": {
            "class1":3,
            "class2":"a",
            "class3":"woman",
            "class4":"china"
        }
    }
]